"year","month","day","close_diff"
2023,2,9,-0.00219046268634824
2023,2,8,0.00890848952590951
2023,2,7,0.0112048491206598
2023,2,6,-0.0127089337175793
2023,2,3,0.00617842513402795
2023,2,2,0.0104630023594942
2023,2,1,-0.0144864776924991
2023,1,31,-0.010344216488113
2023,1,30,-0.0144311436000589
2023,1,27,0.0131391294175625
2023,1,26,-0.00248860107700172
2023,1,25,-0.0108880093980194
2023,1,24,0.000181762951232756
2023,1,23,0.000711982972155523
2023,1,20,-0.0117418484953268
2023,1,19,-0.018567138480747
2023,1,18,0.00769714146479096
2023,1,17,0.0158086569641066
2023,1,13,0.00203459309390959
2023,1,12,-0.00398090565603677
2023,1,11,-0.0034043236919338
2023,1,10,-0.0126863848085832
2023,1,9,-0.00692989730177964
2023,1,6,0.000768224784113364
2023,1,5,-0.022330735183873
2023,1,4,0.0117827788135815
2023,1,3,-0.00748253944359804
2022,12,30,0.00401658935080832
2022,12,29,0.00254720666753489
2022,12,28,-0.0171616510100591
2022,12,27,0.0121668842943313
2022,12,23,0.00406607037931714
2022,12,22,-0.00583382316987539
2022,12,21,0.0146636005221864
2022,12,20,-0.0146502201916235
2022,12,19,-0.00103620977491222
2022,12,16,0.00908933744754647
2022,12,15,0.0112632256590765
2022,12,14,0.0255586215747931
2022,12,13,0.00608962486108745
2022,12,12,-0.00723694849054026
2022,12,9,-0.0140782246100797
2022,12,8,0.00740396199655349
2022,12,7,-0.00746560498144325
2022,12,6,0.00186582340261117
2022,12,5,0.0146095411112182
2022,12,2,0.0182202838823258
2022,12,1,0.00119606061350304
2022,11,30,0.000868377091525465
2022,11,29,-0.0300187985127852
2022,11,28,0.00159438856083058
2022,11,25,0.015686413013315
2022,11,23,0.000283151023814573
2022,11,22,-0.0058799282887125
2022,11,21,-0.01339800878214
2022,11,18,0.00389879339939343
2022,11,17,-0.0047360377672533
2022,11,16,0.00309890132165735
2022,11,15,0.00832072426170624
2022,11,14,-0.00863785877301321
2022,11,11,0.0090163623728599
2022,11,10,-0.00915618355443245
2022,11,9,-0.0525228934604195
2022,11,8,0.0212187580864169
2022,11,7,-0.005566715689988
2022,11,4,-0.00952243353998109
2022,11,3,-0.0134357056662822
2022,11,2,0.0106992411065919
2022,11,1,0.0256430716362253
2022,10,31,0.00411815046290296
2022,10,28,0.0075103693717426
2022,10,27,-0.0240344931890306
2022,10,26,0.00611982244635299
2022,10,25,0.00744269827181126
2022,10,24,-0.0160062812410115
2022,10,21,-0.0117424302274751
2022,10,20,-0.023175004996336
2022,10,19,0.00801466536453351
2022,10,18,0.00671689453230717
2022,10,17,-0.0112984478411175
2022,10,14,-0.0257969792955314
2022,10,13,0.0242361996835115
2022,10,12,-0.0253085225523241
2022,10,11,0.00330162173646851
2022,10,10,0.00656200889423873
2022,10,7,0.00754901879365184
2022,10,6,0.0288103833874593
2022,10,5,0.0103511264461133
2022,10,4,0.00202205493645716
2022,10,3,-0.0296760953117045
2022,9,30,-0.0252308729539504
2022,9,29,0.0152972149865295
2022,9,28,0.0215823780995311
2022,9,27,-0.0192926131474789
2022,9,26,0.0021248653109569
2022,9,23,0.0104485860619857
2022,9,22,0.0175347866230914
2022,9,21,0.00849922431938352
2022,9,20,0.0174145696622365
2022,9,19,0.0114006218992565
2022,9,16,-0.00681044849982947
2022,9,15,0.00723408539938502
2022,9,14,0.011447319517603
2022,9,13,-0.00337556164328022
2022,9,12,0.0451904421655406
2022,9,9,-0.0104734077622426
2022,9,8,-0.0150416978088982
2022,9,7,-0.00656735343893683
2022,9,6,-0.0180106385384447
2022,9,2,0.00411187787697122
2022,9,1,0.0108530015850121
2022,8,31,-0.00298725689148819
2022,8,30,0.00787863463969655
2022,8,29,0.0111510827463023
2022,8,26,0.00671114297835805
2022,8,25,0.0348624576726488
2022,8,24,-0.0138957686372381
2022,8,23,-0.00290767176153249
2022,8,22,0.00224282043146445
2022,8,19,0.0218681050461697
2022,8,18,0.0130685258059634
2022,8,17,-0.0022643764560874
2022,8,16,0.00729052605965313
2022,8,15,-0.0018721546037349
2022,8,12,-0.00395379252246859
2022,8,11,-0.0170274406270806
2022,8,10,0.000705920941608061
2022,8,9,-0.0208467925818955
2022,8,8,0.00426685943136036
2022,8,5,0.00123911247663058
2022,8,4,0.00162839339089402
2022,8,3,0.000777949585013385
2022,8,2,-0.0153976852932612
2022,8,1,0.00670709500169879
2022,7,29,0.00283103847638653
2022,7,28,-0.0140087015681708
2022,7,27,-0.01198792858318
2022,7,26,-0.0254895479432649
2022,7,25,0.0116779944147613
2022,7,22,-0.00131338798640733
2022,7,21,0.00942036484982184
2022,7,20,-0.00976506332912383
2022,7,19,-0.00586125912270513
2022,7,18,-0.0268855307377518
2022,7,15,0.00843415952073298
2022,7,14,-0.0188394992700276
2022,7,13,0.00300761401231541
2022,7,12,0.00447685031748286
2022,7,11,0.00933015606996953
2022,7,8,0.0116619059108611
2022,7,7,0.000830901322774334
2022,7,6,-0.0147439412497245
2022,7,5,-0.00356039406202213
2022,7,1,-0.00158167140385081
2022,6,30,-0.0104435434328541
2022,6,29,0.00883662934764801
2022,6,28,0.000712260037760323
2022,6,27,0.0205571037929636
2022,6,24,0.00298196717528471
2022,6,23,-0.0296568790359277
2022,6,22,-0.00944218898604488
2022,6,21,0.00130322961576006
2022,6,17,-0.0238924349034076
2022,6,16,-0.00219601397611873
2022,6,15,0.0336045075093338
2022,6,14,-0.014382623700854
2022,6,13,0.00378800047115768
2022,6,10,0.0403319794219696
2022,6,9,0.0299831319247551
2022,6,8,0.0243788920359798
2022,6,7,0.0109116884568379
2022,6,6,-0.00943355413057481
2022,6,3,-0.0031275552417487
2022,6,2,0.0166190422875279
2022,6,1,-0.0180975000119709
2022,5,31,0.00753920165413792
2022,5,27,0.0063139043839164
2022,5,26,-0.0241448305052137
2022,5,25,-0.0194955937148828
2022,5,24,-0.00936228394487688
2022,5,23,0.0081872799050103
2022,5,20,-0.0182170493865995
2022,5,19,-0.000146102897451187
2022,5,18,0.005868042114546
2022,5,17,0.0420956856828284
2022,5,16,-0.0197708402117954
2022,5,13,0.00396206596290919
2022,5,12,-0.02331326154542
2022,5,11,0.00129768350771483
2022,5,10,0.0167387514675314
2022,5,9,-0.00245185638769833
2022,5,6,0.0330974834888407
2022,5,5,0.00570653887382553
2022,5,4,0.0369676406542766
2022,5,3,-0.0289965280442402
2022,5,2,-0.00481381781256274
2022,4,29,-0.00564328653456479
2022,4,28,0.0376506862410544
2022,4,27,-0.0241492711370262
2022,4,26,-0.00209371026491654
2022,4,25,0.0289614868748803
2022,4,22,-0.00566557731162075
2022,4,21,0.0285314318621278
2022,4,20,0.0149738486819645
2022,4,19,0.00061891040374939
2022,4,18,-0.0158038281479358
2022,4,14,0.000204932497512471
2022,4,13,0.0122934305273199
2022,4,12,-0.0110511650500722
2022,4,11,0.00342926013939895
2022,4,8,0.0171670220939008
2022,4,7,0.00265803381250731
2022,4,6,-0.00423535790552005
2022,4,5,0.00981221338272547
2022,4,4,0.0127112651156213
2022,4,1,-0.00802594137876871
2022,3,31,-0.00339869683624217
2022,3,30,0.0159014305548504
2022,3,29,0.00633358320025216
2022,3,28,-0.0121081267812419
2022,3,25,-0.00709427562331714
2022,3,24,-0.00504065541727394
2022,3,23,-0.0141410923507133
2022,3,22,0.0124252733245965
2022,3,21,-0.01117782787076
2022,3,18,0.000434862525161415
2022,3,17,-0.0115278101417842
2022,3,16,-0.0121971951664563
2022,3,15,-0.0218937735494027
2022,3,14,-0.0209597766542716
2022,3,11,0.00747643843560336
2022,3,10,0.0131317624057218
2022,3,9,0.00431034482758613
2022,3,8,-0.0250544662309369
2022,3,7,0.00728654662286914
2022,3,4,0.0304159158694529
2022,3,3,0.00799746816143702
2022,3,2,0.00528246884947603
2022,3,1,-0.0183014403151458
2022,2,28,0.0157166543590028
2022,2,25,0.0024485932591668
2022,2,24,-0.0218831605715393
2022,2,23,-0.0147364003077855
2022,2,22,0.018757543485978
2022,2,18,0.0102467965693789
2022,2,17,0.00721796696613151
2022,2,16,0.0216311360512846
2022,2,15,-0.000880444959899645
2022,2,14,-0.0155220115095491
2022,2,11,0.00385535489939052
2022,2,10,0.0193362663625006
2022,2,9,0.0184499387222253
2022,2,8,-0.0143094450185082
2022,2,7,-0.0083312322792677
2022,2,4,0.00371554037026048
2022,2,3,-0.00513050685141531
2022,2,2,0.0250008933676388
2022,2,1,-0.00933459421534067
2022,1,31,-0.00681617229805518
2022,1,28,-0.0185359480019045
2022,1,27,-0.023768854992836
2022,1,26,0.00541313899655844
2022,1,25,0.00149887469453521
2022,1,24,0.012321959393543
2022,1,21,-0.00276409085446472
2022,1,20,0.0192794808478515
2022,1,19,0.0111606097177391
2022,1,18,0.0097843256647163
2022,1,14,0.0187323442084636
2022,1,13,-0.000819241451044022
2022,1,12,0.0144493596306529
2022,1,11,-0.00280977921652029
2022,1,10,-0.00907688619095404
2022,1,7,0.00144316519959141
2022,1,6,0.00406668334391707
2022,1,5,0.000964640495735724
2022,1,4,0.0197762829267878
2022,1,3,0.000630014561263792
2021,12,31,-0.00633370582250615
2021,12,30,0.00263313597052551
2021,12,29,0.00299870467676576
2021,12,28,-0.00139994074766434
2021,12,27,0.00101120895880979
2021,12,23,-0.0136500535357604
2021,12,22,-0.00618520924543824
2021,12,21,-0.0100775887032213
2021,12,20,-0.0174674085816359
2021,12,17,0.0115192140139491
2021,12,16,0.0103946639426572
2021,12,15,0.00882049919998635
2021,12,14,-0.0160854379651157
2021,12,13,0.0075268283524921
2021,12,10,0.00922044904979046
2021,12,9,-0.0094587883752617
2021,12,8,0.00723307159155432
2021,12,7,-0.00307580388878609
2021,12,6,-0.0202869792500133
2021,12,3,-0.011594909912951
2021,12,2,0.00852056768530088
2021,12,1,-0.0139957615083788
2021,11,30,0.0119564639356177
2021,11,29,0.0193277862929714
2021,11,26,-0.0130282454078927
2021,11,24,0.0232532831877283
2021,11,23,-0.00228865075955133
2021,11,22,-0.00165433730573267
2021,11,19,0.00320738681255802
2021,11,18,0.00140060792343909
2021,11,17,-0.00337333724444896
2021,11,16,0.00260841560613128
2021,11,15,-0.00385032653321693
2021,11,12,1.0677372512211e-05
2021,11,11,-0.00717084681337218
2021,11,10,-0.000550624076468005
2021,11,9,0.0082940402994807
2021,11,8,0.00351101862227199
2021,11,5,-0.00088691324414575
2021,11,4,-0.00371897571702562
2021,11,3,-0.0041644765238054
2021,11,2,-0.00641981560195428
2021,11,1,-0.00366687182145046
2021,10,29,-0.00179683419056845
2021,10,28,-0.00194555063860095
2021,10,27,-0.00973366228499567
2021,10,26,0.00507724620359948
2021,10,25,-0.00181647682188699
2021,10,22,-0.00472574061421487
2021,10,21,0.00107373099518144
2021,10,20,-0.00298695761113727
2021,10,19,-0.0036506407359479
2021,10,18,-0.00733909634195721
2021,10,15,-0.00336345359147304
2021,10,14,-0.00740488932922117
2021,10,13,-0.0167768449797894
2021,10,12,-0.00301342866309193
2021,10,11,0.00242262650408559
2021,10,8,0.00691325074119691
2021,10,7,0.00191741017548176
2021,10,6,-0.00822999436332892
2021,10,5,-0.00408612253784188
2021,10,4,-0.0104148449508943
2021,10,1,0.0131567320705227
2021,9,30,-0.0113609239300075
2021,9,29,0.0120532833125171
2021,9,28,-0.00156670780326002
2021,9,27,0.0207874319664202
2021,9,24,0.002784085921798
2021,9,23,-0.00145887760690206
2021,9,22,-0.0119892649551131
2021,9,21,-0.00942979861863135
2021,9,20,0.000813009997266992
2021,9,17,0.0172704596200316
2021,9,16,0.00919469703292816
2021,9,15,0.00155350656607987
2021,9,14,-0.00840270493449676
2021,9,13,0.00577981341645928
2021,9,10,-0.00227133883676115
2021,9,9,0.00778274697325153
2021,9,8,0.00462690951821386
2021,9,7,0.00132031625561855
2021,9,3,0.00340705703280743
2021,9,2,0.000335139115805894
2021,9,1,-0.00283450335577859
2021,8,31,-0.000311664887303271
2021,8,30,0.00135096889454918
2021,8,27,-0.00428812110961208
2021,8,26,-0.0087307096113204
2021,8,25,0.00585906040268447
2021,8,24,-0.00221520887684907
2021,8,23,-0.00149345887304035
2021,8,20,-0.00845177953937125
2021,8,19,-0.00807579131272695
2021,8,18,-0.00125516364791859
2021,8,17,0.0108652423601278
2021,8,16,0.00711093325659613
2021,8,13,-0.00261400849608569
2021,8,12,-0.00160474485228292
2021,8,11,-0.0041292763902682
2021,8,10,-0.00127408321159007
2021,8,9,-0.000991716909900183
2021,8,6,0.000940810179701529
2021,8,5,-0.00167248203546926
2021,8,4,-0.00596961007879716
2021,8,3,0.00465400462447697
2021,8,2,-0.00813673513220211
2021,7,30,0.00184629692101504
2021,7,29,0.00543540086365754
2021,7,28,-0.00418858830318032
2021,7,27,0.00018633653286788
2021,7,26,0.00473479254610973
2021,7,23,-0.00237659136648355
2021,7,22,-0.0100435424170236
2021,7,21,-0.00201260223286654
2021,7,20,-0.0081744744407148
2021,7,19,-0.0149361794654714
2021,7,16,0.016125434132756
2021,7,15,0.0075962062877268
2021,7,14,0.00327291325977125
2021,7,13,-0.00116361474978857
2021,7,12,0.00352924212843971
2021,7,9,-0.00343928678132475
2021,7,8,-0.011152178141914
2021,7,7,0.00863493503547947
2021,7,6,-0.0033477661290508
2021,7,2,0.00202599722806747
2021,7,1,-0.00744427135747679
2021,6,30,-0.00519451659050811
2021,6,29,-0.00132635253054097
2021,6,28,-0.000277272939093273
2021,6,25,-0.00230969489186849
2021,6,24,-0.00331955054079941
2021,6,23,-0.0057775829780451
2021,6,22,0.00108443505648479
2021,6,21,-0.00509838829702048
2021,6,18,-0.0138089703866938
2021,6,17,0.0132990915527607
2021,6,16,0.000435826863041443
2021,6,15,0.00541941899282627
2021,6,14,0.00201573497794689
2021,6,11,-0.00181192202390046
2021,6,10,-0.00194470080801596
2021,6,9,-0.00463061252412026
2021,6,8,0.00182720906257777
2021,6,7,-0.000175054290485984
2021,6,4,0.000797346280154806
2021,6,3,-0.00875672889838742
2021,6,2,0.00364191421109735
2021,6,1,-0.00144482571789776
2021,5,28,0.000492617871319576
2021,5,27,-0.000768295786741918
2021,5,26,-0.00116404181980926
2021,5,25,-0.00187321704770499
2021,5,24,0.0021298288257528
2021,5,21,-0.00981403604912987
2021,5,20,0.000784434509343486
2021,5,19,-0.0104445171093884
2021,5,18,0.00295212455778866
2021,5,17,0.00859047005327255
2021,5,14,0.00253645554357261
2021,5,13,-0.0146986595110031
2021,5,12,-0.0120267477203648
2021,5,11,0.0219195479247067
2021,5,10,0.00874978926326435
2021,5,7,0.010545717607791
2021,5,6,-0.00731937815999633
2021,5,5,-0.00809925695327035
2021,5,4,-0.000703044205404152
2021,5,3,0.00672323791137812
2021,4,30,-0.0027405036420792
2021,4,29,0.00724677542410382
2021,4,28,-0.00671736946956762
2021,4,27,0.000846246157229659
2021,4,26,0.000214965414453232
2021,4,23,-0.00177905349578038
2021,4,22,-0.0108105651205574
2021,4,21,0.00929629647543652
2021,4,20,-0.00922025580938426
2021,4,19,0.0068489506498282
2021,4,16,0.00533476170116688
2021,4,15,-0.00359577299562539
2021,4,14,-0.0109725159576254
2021,4,13,0.00410458074120056
2021,4,12,-0.00328376299923468
2021,4,9,0.000196221405575207
2021,4,8,-0.007660821546212
2021,4,7,-0.00420290102680637
2021,4,6,-0.00147305726785862
2021,4,5,0.000974486614923096
2021,4,1,-0.0142327810079183
2021,3,31,-0.0116869451002147
2021,3,30,-0.00360946313640692
2021,3,29,0.0031678266031754
2021,3,26,0.000868779100952086
2021,3,25,-0.0163591258359458
2021,3,24,-0.00521291616362114
2021,3,23,0.00549735931337008
2021,3,22,0.0076895144379776
2021,3,19,-0.00697611271408602
2021,3,18,0.000603102399632038
2021,3,17,0.0149816368957925
2021,3,16,-0.00287107586081947
2021,3,15,0.00157215642830286
2021,3,12,-0.00645008490932085
2021,3,11,-0.00101436853023072
2021,3,10,-0.0102885254890414
2021,3,9,-0.00599413667247183
2021,3,8,-0.0139571248684021
2021,3,5,0.00538814816753245
2021,3,4,-0.0191231513245913
2021,3,3,0.0135996836912593
2021,3,2,0.013239190307143
2021,3,1,0.00814667634725052
2021,2,26,-0.023237873607701
2021,2,25,0.00477283759495167
2021,2,24,0.0250930969827698
2021,2,23,-0.0112242480441633
2021,2,22,-0.00125471160956051
2021,2,19,0.00779311234360894
2021,2,18,0.00185834116174473
2021,2,17,0.00443539424165237
2021,2,16,0.000320502221894427
2021,2,12,0.000569599170012582
2021,2,11,-0.0046888938022735
2021,2,10,-0.00165969594370311
2021,2,9,0.000345279139001685
2021,2,8,0.00111473884174547
2021,2,5,-0.00734499781642108
2021,2,4,-0.0038823411366075
2021,2,3,-0.0107367746801179
2021,2,2,-0.00100778816606055
2021,2,1,-0.0137077236292929
2021,1,29,-0.0157981483149879
2021,1,28,0.0196917808219179
2021,1,27,-0.00966631286007745
2021,1,26,0.0263545885244896
2021,1,25,0.00149105626009846
2021,1,22,-0.0036027763944224
2021,1,21,0.00301967736309287
2021,1,20,-0.000316630634792582
2021,1,19,-0.0137440450692525
2021,1,15,-0.00807073607955962
2021,1,14,0.00724208850262057
2021,1,13,0.00376757984371135
2021,1,12,-0.00227043655376606
2021,1,11,-0.00041565930669078
2021,1,8,0.00659804558888931
2021,1,7,-0.00546189485133393
2021,1,6,-0.0146301451972901
2021,1,5,-0.00567748269808485
2021,1,4,-0.00703272996570841
2020,12,31,0.0149757475038169
2020,12,30,-0.00639764434635143
2020,12,29,-0.00133974984190952
2020,12,28,0.00223233450673998
2020,12,24,-0.00864709157885724
2020,12,23,-0.00352411249075082
2020,12,22,-0.000745255432912106
2020,12,21,0.00207742334416338
2020,12,18,0.00392160046766906
2020,12,17,0.00352347138763312
2020,12,16,-0.00572467817154154
2020,12,15,-0.00176971065906191
2020,12,14,-0.0127563863130715
2020,12,11,0.00437835333338824
2020,12,10,0.00126656221167963
2020,12,9,0.0012867697172924
2020,12,8,0.00801291650557333
2020,12,7,-0.00277939091093253
2020,12,4,0.00193934928872465
2020,12,3,-0.00875883994031015
2020,12,2,0.000624536370380181
2020,12,1,-0.00178794824762004
2020,11,30,-0.0111455446490736
2020,11,27,0.00461670573747175
2020,11,25,-0.00239119381038103
2020,11,24,0.00158692986927108
2020,11,23,-0.0159046709999697
2020,11,20,-0.00560433140745591
2020,11,19,0.00683899548564455
2020,11,18,-0.00393090759854487
2020,11,17,0.0116991190625009
2020,11,16,0.00481503131986703
2020,11,13,-0.011513933348222
2020,11,12,-0.0134276111180843
2020,11,11,0.010079134636317
2020,11,10,-0.00759378166408213
2020,11,9,0.00140176503935936
2020,11,6,-0.011564568370652
2020,11,5,0.00028779520379313
2020,11,4,-0.0190887208192681
2020,11,3,-0.02157145180401
2020,11,2,-0.0174880385615406
2020,10,30,-0.0121683019962298
2020,10,29,0.0122784376567298
2020,10,28,-0.011806254172822
2020,10,27,0.0365786923384988
2020,10,26,0.00303478948175586
2020,10,23,0.0189416548808134
2020,10,22,-0.00343395692836884
2020,10,21,-0.00519184940451538
2020,10,20,0.00220051461770423
2020,10,19,-0.00470503496828453
2020,10,16,0.0166009127729856
2020,10,15,-0.000134909768328296
2020,10,14,0.00153014061217106
2020,10,13,0.00666729727947893
2020,10,12,0.00634693743895806
2020,10,9,-0.0161506640786368
2020,10,8,-0.00871693403199179
2020,10,7,-0.00794643193891195
2020,10,6,-0.017099291111995
2020,10,5,0.0141715040598399
2020,10,2,-0.0176553423693011
2020,10,1,0.0096702325275802
2020,9,30,-0.00526502602934222
2020,9,29,-0.00818614332441279
2020,9,28,0.00483590018797954
2020,9,25,-0.0158551139754147
2020,9,24,-0.0157255203943658
2020,9,23,-0.00297850975947073
2020,9,22,0.0242977892564537
2020,9,21,-0.0104084667191464
2020,9,18,0.0117065826287846
2020,9,17,0.0113090342735438
2020,9,16,0.00848373999481669
2020,9,15,0.00464039178966709
2020,9,14,-0.00519228507585554
2020,9,11,-0.0125814974848827
2020,9,10,-0.00053277940238905
2020,9,9,0.0178995504897894
2020,9,8,-0.0197472167957257
2020,9,4,0.0285487898578563
2020,9,3,0.00819968718631087
2020,9,2,0.036404577633963
2020,9,1,-0.0151333206733616
2020,8,31,-0.00746884437072013
2020,8,28,0.00219980516011447
2020,8,27,-0.00668755220196067
2020,8,26,-0.00167023001535354
2020,8,25,-0.0100927637384908
2020,8,24,-0.00358343835847152
2020,8,21,-0.00994381105593258
2020,8,20,-0.0034293350916647
2020,8,19,-0.00314871319239946
2020,8,18,0.00442390032149586
2020,8,17,-0.00229808424145532
2020,8,14,-0.00270255086502322
2020,8,13,0.000171961397631062
2020,8,12,0.00205132461619185
2020,8,11,-0.013803304391557
2020,8,10,0.00803314045397135
2020,8,7,-0.00273473651007139
2020,8,6,-0.000632594113294128
2020,8,5,-0.00638667606205731
2020,8,4,-0.00638866267800953
2020,8,3,-0.0035989608378623
2020,7,31,-0.00712982720261282
2020,7,30,-0.00761207170632691
2020,7,29,0.00376437826148575
2020,7,28,-0.0122758129657137
2020,7,27,0.00651557897614987
2020,7,24,-0.00734084293127444
2020,7,23,0.00622895047004778
2020,7,22,0.0124734984516297
2020,7,21,-0.00571425082874946
2020,7,20,-0.00167623491849079
2020,7,17,-0.00833681853965759
2020,7,16,-0.00284054789083113
2020,7,15,0.0034177455318963
2020,7,14,-0.00900029753049686
2020,7,13,-0.0132290024769197
2020,7,10,0.0094510050012361
2020,7,9,-0.0103577977042674
2020,7,8,0.00567567138846144
2020,7,7,-0.00776670851814226
2020,7,6,0.0109368840054429
2020,7,2,-0.0156334520020629
2020,7,1,-0.00452075232986479
2020,6,30,-0.00499701527026252
2020,6,29,-0.0151759996645476
2020,6,26,-0.0144731498342743
2020,6,25,0.024828434223426
2020,6,24,-0.0108406620489274
2020,6,23,0.0265413906036396
2020,6,22,-0.00428896716688644
2020,6,19,-0.00645314414373973
2020,6,18,0.00568156139637296
2020,6,17,-0.000593835664807168
2020,6,16,0.00361330853800719
2020,6,15,-0.0186095483144196
2020,6,12,-0.00824368435297845
2020,6,11,-0.0128924706787536
2020,6,10,0.0626361546917158
2020,6,9,0.00534145836859823
2020,6,8,0.00786048802998274
2020,6,5,-0.0118983167253952
2020,6,4,-0.0255422003613103
2020,6,3,0.0033800825742606
2020,6,2,-0.0134651778652329
2020,6,1,-0.00814393570542912
2020,5,29,-0.00373724118295794
2020,5,28,-0.00478926259152318
2020,5,27,0.00211239945473692
2020,5,26,-0.0146107050752109
2020,5,22,-0.0121399706528243
2020,5,21,-0.00234820416518622
2020,5,20,0.00783446554361352
2020,5,19,-0.0163783269002326
2020,5,18,0.0105954963153537
2020,5,15,-0.0305391836582699
2020,5,14,-0.00391102419946217
2020,5,13,-0.0113935144609991
2020,5,12,0.01777304964539
2020,5,11,0.0209294384903768
2020,5,8,-0.000133097171173157
2020,5,7,-0.0165915762168066
2020,5,6,-0.0113737726425539
2020,5,5,0.00702845788191348
2020,5,4,-0.0089595738450169
2020,5,1,-0.00423183266848173
2020,4,30,0.0288690823150375
2020,4,29,0.00929807755036186
2020,4,28,-0.0258954723746476
2020,4,27,0.00526997719486348
2020,4,24,-0.0145007087073734
2020,4,23,-0.013727024683263
2020,4,22,0.000539709771963601
2020,4,21,-0.0224162382872922
2020,4,20,0.0316455696202531
2020,4,17,0.0182065486901203
2020,4,16,-0.0260944283646888
2020,4,15,-0.00578307227947351
2020,4,14,0.0225267302828236
2020,4,13,-0.0296655727567233
2020,4,9,0.0102077396320289
2020,4,8,-0.014280491214487
2020,4,7,-0.0329347849802545
2020,4,6,0.00160561929149698
2020,4,3,-0.0657098450264295
2020,4,2,0.0153697787957326
2020,4,1,-0.0223198385373383
2020,3,31,0.0461809350333941
2020,3,30,0.0162733741134957
2020,3,27,-0.0324291397788058
2020,3,26,0.0348617138899929
2020,3,25,-0.0587474858083626
2020,3,24,-0.0114034804246312
2020,3,23,-0.0857791961035087
2020,3,20,0.0301778850451417
2020,3,19,0.0453247835065858
2020,3,18,-0.00468583334370939
2020,3,17,0.0546641090863601
2020,3,16,-0.0565635638287357
2020,3,13,0.136157711440701
2020,3,12,-0.0849790853627048
2020,3,11,0.105109971620227
2020,3,10,0.0513792323574258
2020,3,9,-0.0470711914038783
2020,3,6,0.082215571478504
2020,3,5,0.0173497915804561
2020,3,4,0.0351131305515321
2020,3,3,-0.040493655195328
2020,3,2,0.0289208455834613
2020,2,28,-0.044012905188287
2020,2,27,0.00830676117553886
2020,2,26,0.0462037894963004
2020,2,25,0.00379285006048671
2020,2,24,0.0312255251405755
2020,2,21,0.0346757018993209
2020,2,20,0.0106299153621452
2020,2,19,0.00383015685263088
2020,2,18,-0.00468378542001982
2020,2,14,0.00292853137267116
2020,2,13,-0.00184014957871811
2020,2,12,0.00163310550869303
2020,2,11,-0.00642116320703068
2020,2,10,-0.00168565259474346
2020,2,7,-0.00727307441029331
2020,2,6,0.00543016068106901
2020,2,5,-0.00331462319698251
2020,2,4,-0.0111254719329233
2020,2,3,-0.0147592635834049
2020,1,31,-0.00720239341073344
2020,1,30,0.018025000620055
2020,1,29,-0.0031245622262962
2020,1,28,0.000867599437893227
2020,1,27,-0.00995348326129944
2020,1,24,0.0159820941352743
2020,1,23,0.0091246468637251
2020,1,22,-0.00113966453568442
2020,1,21,-0.000289004289907439
2020,1,17,0.00265900583897203
2020,1,16,-0.00384728587646637
2020,1,15,-0.00829712886779767
2020,1,14,-0.00186666423453082
2020,1,13,0.00151683596546001
2020,1,10,-0.00692794992898705
2020,1,9,0.0028633990230756
2020,1,8,-0.0066112926374934
2020,1,7,-0.0048784986397382
2020,1,6,0.00281108866359003
2020,1,3,-0.00352095321414058
2020,1,2,0.00711006692736912
2019,12,31,-0.00830916094970601
2019,12,30,-0.00293737116114382
2019,12,27,0.00581444079856207
2019,12,26,-3.39504077135719e-05
2019,12,24,-0.00510199357389549
2019,12,23,0.000195447015244901
2019,12,20,-0.000865381931197614
2019,12,19,-0.00492049596115755
2019,12,18,-0.00443942508977123
2019,12,17,0.000432447338568696
2019,12,16,-0.000335158432836807
2019,12,13,-0.0070970875307461
2019,12,12,-7.25826811411317e-05
2019,12,11,-0.0085022581164374
2019,12,10,-0.00289976859146371
2019,12,9,0.00109815739404698
2019,12,6,0.00317287210296044
2019,12,5,-0.00905302440311389
2019,12,4,-0.00149802882502562
2019,12,3,-0.00628381243655161
2019,12,2,0.00668240010345276
2019,11,29,0.00870620803052155
2019,11,27,0.00402740545944262
2019,11,26,-0.00415711418270378
2019,11,25,-0.00219072000815155
2019,11,22,-0.00745139837377615
2019,11,21,-0.00217021563905617
2019,11,20,0.00158528647931075
2019,11,19,0.00377035573885455
2019,11,18,0.000592914511342411
2019,11,15,-0.000502877935189657
2019,11,14,-0.00763669458990018
2019,11,13,-0.000836393111220955
2019,11,12,-0.000711044459670792
2019,11,11,-0.00156217656799832
2019,11,8,0.00196630396402982
2019,11,7,-0.00255408848138428
2019,11,6,-0.00272269365158585
2019,11,5,-0.00070203264451807
2019,11,4,0.00118713857322209
2019,11,1,-0.00369038453417021
2019,10,31,-0.00956989282372157
2019,10,30,0.00303203887330622
2019,10,29,-0.00324277841779987
2019,10,28,0.000833089114192546
2019,10,25,-0.00555040106336074
2019,10,24,-0.00405617773072413
2019,10,23,-0.00191675885047619
2019,10,22,-0.00283905582256074
2019,10,21,0.00358145387668184
2019,10,18,-0.00682471264367816
2019,10,17,0.00393476659299444
2019,10,16,-0.00275521606431053
2019,10,15,0.00200355220775391
2019,10,14,-0.00985752817390367
2019,10,11,0.00138900595047448
2019,10,10,-0.0108205651338093
2019,10,9,-0.00637480302096913
2019,10,8,-0.00902240186339664
2019,10,7,0.0158067928076155
2019,10,4,0.00449845004236446
2019,10,3,-0.0140175676911664
2019,10,2,-0.00790894067607356
2019,10,1,0.0182296085690242
2019,9,30,0.0124105093104327
2019,9,27,-0.00502227268757091
2019,9,26,0.00534474084928369
2019,9,25,0.00243483050221318
2019,9,24,-0.00612086958561009
2019,9,23,0.00848783118721779
2019,9,20,9.69322610619643e-05
2019,9,19,0.00491967099700201
2019,9,18,-1.99548355555078e-05
2019,9,17,-0.000342564846195102
2019,9,16,-0.00257510729613727
2019,9,13,0.00314547225446632
2019,9,12,0.000724881043030765
2019,9,11,-0.00287084201397553
2019,9,10,-0.00717777488978415
2019,9,9,-0.000322213607483423
2019,9,6,9.40092599121685e-05
2019,9,5,-0.000909789808339864
2019,9,4,-0.0128427419354838
2019,9,3,-0.010725786137832
2019,8,30,0.00694704896654477
2019,8,29,-0.000642414384614896
2019,8,28,-0.0125282946611137
2019,8,27,-0.00650290518501084
2019,8,26,0.00321348408593465
2019,8,23,-0.0108637497481222
2019,8,22,0.0266375377136815
2019,8,21,0.000506337775192877
2019,8,20,-0.00817937170662304
2019,8,19,0.00797790733353785
2019,8,16,-0.0119610760521951
2019,8,15,-0.0142210282897378
2019,8,14,-0.00245821042281219
2019,8,13,0.0301767232274872
2019,8,12,-0.014906093660297
2019,8,9,0.0124709473757242
2019,8,8,0.00666061363986777
2019,8,7,-0.0184167265128026
2019,8,6,-0.000766302124147892
2019,8,5,-0.0128497416518321
2019,8,2,0.0306917328121376
2019,8,1,0.00733616411725576
2019,7,31,0.00908056717994561
2019,7,30,0.0110053080479669
2019,7,29,0.00258530854446132
2019,7,26,0.00161868538913009
2019,7,25,-0.00733345230777368
2019,7,24,0.00529019499478966
2019,7,23,-0.00466624276384644
2019,7,22,-0.00680093296555933
2019,7,19,-0.00282074217009547
2019,7,18,0.00621512391613278
2019,7,17,-0.00356915104954411
2019,7,16,0.00657414170927681
2019,7,15,0.003415400593867
2019,7,12,-0.000175828550575656
2019,7,11,-0.00459889108989741
2019,7,10,-0.00228006840205196
2019,7,9,-0.00449037276107811
2019,7,8,-0.00123505267432543
2019,7,5,0.00485895260337036
2019,7,3,0.00180911647566732
2019,7,2,-0.00761394209264907
2019,7,1,-0.00291960000134554
2019,6,28,-0.00761386215434844
2019,6,27,-0.00572446426628962
2019,6,26,-0.00380865117678428
2019,6,25,0.00123550851471282
2019,6,24,0.00958736948906203
2019,6,21,0.00173493812280378
2019,6,20,0.00126082034665774
2019,6,19,-0.00938331448997685
2019,6,18,-0.00297629217552949
2019,6,17,-0.00962385399708677
2019,6,14,-0.000930902144535554
2019,6,13,0.00161414349943535
2019,6,12,-0.00408072927473673
2019,6,11,0.00204178009889426
2019,6,10,0.000349999306932141
2019,6,7,-0.00463846636159248
2019,6,6,-0.0103886069869909
2019,6,5,-0.00609813996180739
2019,6,4,-0.00809581940095186
2019,6,3,-0.0209826381333229
2019,5,31,0.00277286888083227
2019,5,30,0.0133718014868863
2019,5,29,-0.00209404559569148
2019,5,28,0.00696006496539726
2019,5,24,0.0084463618554163
2019,5,23,-0.00135170520088044
2019,5,22,0.0120577980611146
2019,5,21,0.00283236528759541
2019,5,20,-0.00842422041922108
2019,5,17,0.00679522433042401
2019,5,16,0.00587159428297656
2019,5,15,-0.00881682149413143
2019,5,14,-0.00580506215450241
2019,5,13,-0.00795227225419045
2019,5,10,0.0247273166967179
2019,5,9,-0.00370653154716467
2019,5,8,0.0030305985954744
2019,5,7,0.00160796271471342
2019,5,6,0.0167888906225619
2019,5,3,0.00449109453805157
2019,5,2,-0.00954631251612549
2019,5,1,0.00212852011297267
2019,4,30,0.00755883751235576
2019,4,29,-0.000950496125030883
2019,4,26,-0.00107032548088198
2019,4,25,-0.00466345565125108
2019,4,24,0.000369083135976354
2019,4,23,0.00219660090528648
2019,4,22,-0.00876373701289849
2019,4,18,-0.00101101455654618
2019,4,17,-0.00157657580128273
2019,4,16,0.00227895671361345
2019,4,15,-0.0005091054192208
2019,4,12,0.000629822617171073
2019,4,11,-0.00656598140613112
2019,4,10,-3.80844227786836e-05
2019,4,9,-0.00346581446639968
2019,4,8,0.00610450976304641
2019,4,5,-0.00104635381953684
2019,4,4,-0.00461500169389572
2019,4,3,-0.0020803017305748
2019,4,2,-0.00214380176794053
2019,4,1,-1.7438372790463e-05
2019,3,29,-0.0114362843062371
2019,3,28,-0.0066892464013548
2019,3,27,-0.00357670559486267
2019,3,26,0.00466605118041476
2019,3,25,-0.00713155411111029
2019,3,22,0.000839777584013461
2019,3,21,0.0193415241135284
2019,3,20,-0.0107360029143082
2019,3,19,0.00295301728258681
2019,3,18,0.000130623426782
2019,3,15,-0.00369227728084606
2019,3,14,-0.0049601768657351
2019,3,13,0.000868797356577243
2019,3,12,-0.00690165497417219
2019,3,11,-0.0029446323150111
2019,3,8,-0.0144540653181475
2019,3,7,0.00213629254813026
2019,3,6,0.0081922784501606
2019,3,5,0.00656695953381814
2019,3,4,0.0011327585897872
2019,3,1,0.00389571793283471
2019,2,28,-0.00684811801590057
2019,2,27,0.00283355300252482
2019,2,26,0.000544338521261426
2019,2,25,0.000791008983857703
2019,2,22,-0.00123028063988901
2019,2,21,-0.00637024782734801
2019,2,20,0.00353889177189634
2019,2,19,-0.00177397924372449
2019,2,15,-0.0014965320747116
2019,2,14,-0.0107616371235048
2019,2,13,0.00265867364963058
2019,2,12,-0.00301485999062857
2019,2,11,-0.0127262062206482
2019,2,8,-0.000708539375599702
2019,2,7,-0.000675805427123775
2019,2,6,0.00944550174608745
2019,2,5,0.00222945442431375
2019,2,4,-0.00468641560433938
2019,2,1,-0.00673059632202626
2019,1,31,-0.000897828584940973
2019,1,30,-0.0085240930438962
2019,1,29,-0.0153111654016151
2019,1,28,0.0014583333333333
2019,1,25,0.00790892070276313
2019,1,24,-0.00841726834686812
2019,1,23,-0.00137378752843139
2019,1,22,-0.00219805207109551
2019,1,18,0.0143605909833263
2019,1,17,-0.0130115212808579
2019,1,16,-0.00753425696899806
2019,1,15,-0.00221704063300322
2019,1,14,-0.0106079760947018
2019,1,11,0.00528535086598445
2019,1,10,0.000146364385693133
2019,1,9,-0.00449812064822225
2019,1,8,-0.00408130106462003
2019,1,7,-0.0096022001157546
2019,1,4,-0.00696163062960595
2019,1,3,-0.0331958893180724
2019,1,2,0.025385127599688
2018,12,31,-0.00126691712848065
2018,12,28,-0.00842092666094905
2018,12,27,0.00124309058871811
2018,12,26,-0.0084899330207367
2018,12,24,-0.0472504761518823
2018,12,21,0.0278678065586321
2018,12,20,0.0210210955797768
2018,12,19,0.0160248356582989
2018,12,18,0.015636468072885
2018,12,17,-8.64046250038489e-05
2018,12,14,0.021214168440733
2018,12,13,0.0194580665012789
2018,12,12,0.000199959253586137
2018,12,11,-0.0053902763789715
2018,12,10,0.000356495422446924
2018,12,7,-0.00175909497596404
2018,12,6,0.0238769805702827
2018,12,4,0.00152450898570082
2018,12,3,0.0334474048724843
2018,11,30,-0.0108229374599067
2018,11,29,-0.00810457326903774
2018,11,28,0.0021878880853239
2018,11,27,-0.022457986945065
2018,11,26,-0.00325109892363283
2018,11,23,-0.0152948437412332
2018,11,21,0.00659814021332843
2018,11,20,-0.00303404240866739
2018,11,19,0.0184867651567628
2018,11,16,0.0169247750610429
2018,11,15,-0.00221834833550789
2018,11,14,-0.0104827485165922
2018,11,13,0.00762516749457721
2018,11,12,0.00148410465141907
2018,11,9,0.020097424272436
2018,11,8,0.00928439667602767
2018,11,7,0.00251529305301709
2018,11,6,-0.0207684024606506
2018,11,5,-0.00622039957175774
2018,11,2,-0.00556912840401562
2018,11,1,0.00635681916667277
2018,10,31,-0.010447494316461
2018,10,30,-0.0107348049591774
2018,10,29,-0.0154251611291904
2018,10,26,0.00660293421675345
2018,10,25,0.0176327439453265
2018,10,24,-0.0182845019718581
2018,10,23,0.0318474455028049
2018,10,22,0.00554239990659288
2018,10,19,0.00431803997271292
2018,10,18,0.000361300392372226
2018,10,17,0.0146020991194677
2018,10,16,0.000252740094190195
2018,10,15,-0.0210433037239495
2018,10,12,0.00594011174971559
2018,10,11,-0.014007292754587
2018,10,10,0.0210052155682697
2018,10,9,0.0339809310473566
2018,10,8,0.00141997125339359
2018,10,5,0.000395225399819142
2018,10,4,0.00555869377627296
2018,10,3,0.00823680646261906
2018,10,2,-0.00071098714412201
2018,10,1,0.000396794176703499
2018,9,28,-0.00362785894774998
2018,9,27,6.86346508897858e-06
2018,9,26,-0.00275566231983535
2018,9,25,0.00330010289163348
2018,9,24,0.00130678154454031
2018,9,21,0.00352815847254722
2018,9,20,0.000368642202022729
2018,9,19,-0.0077795786061589
2018,9,18,-0.0012517409171409
2018,9,17,-0.00534033901339725
2018,9,14,0.00560094156743279
2018,9,13,-0.000275389159305807
2018,9,12,-0.00525449524478502
2018,9,11,-0.00035653462193491
2018,9,10,-0.00372590368746724
2018,9,7,-0.00189424878264113
2018,9,6,0.00221821372854926
2018,9,5,0.00366567641284888
2018,9,4,0.00281105033580277
2018,8,31,0.0016570465906267
2018,8,30,-0.000134412308031608
2018,8,29,0.00444999017624162
2018,8,28,-0.00566910543437976
2018,8,27,-0.000269195726000235
2018,8,24,-0.00761200521966063
2018,8,23,-0.00616066428032241
2018,8,22,0.00169409656350417
2018,8,21,0.000398347904480321
2018,8,20,-0.00206429709112242
2018,8,17,-0.00242207871755835
2018,8,16,-0.0033121296221576
2018,8,15,-0.00785724595080778
2018,8,14,0.00766045622114916
2018,8,13,-0.00634868096733764
2018,8,10,0.00402207000173653
2018,8,9,0.00716484074994343
2018,8,8,0.00144380041912261
2018,8,7,0.000262448822479617
2018,8,6,-0.00281621158320059
2018,8,3,-0.00352582093741236
2018,8,2,-0.00462266974140515
2018,8,1,-0.00490234223017652
2018,7,31,0.00104145932266039
2018,7,30,-0.00486100508115288
2018,7,27,0.00578748305145231
2018,7,26,0.0066056009252098
2018,7,25,0.0030414740047367
2018,7,24,-0.00901945489745511
2018,7,23,-0.00475819032761313
2018,7,20,-0.00183471203927356
2018,7,19,0.000949379512675592
2018,7,18,0.00396863600868611
2018,7,17,-0.00215583068737959
2018,7,16,-0.00395792920574482
2018,7,13,0.00102914848683015
2018,7,12,-0.00107806704720291
2018,7,11,-0.00867315396188386
2018,7,10,0.00714486557414877
2018,7,9,-0.00346118603785473
2018,7,6,-0.00874587399476322
2018,7,5,-0.00840996876607896
2018,7,3,-0.00854707101121472
2018,7,2,0.0049719521454214
2018,6,29,-0.00305863109754985
2018,6,28,-0.000757807068206295
2018,6,27,-0.00614068350077857
2018,6,26,0.00867896711771607
2018,6,25,-0.00219973118476999
2018,6,22,0.0139157253953707
2018,6,21,-0.00185852015332787
2018,6,20,0.00638601187012683
2018,6,19,-0.00170923492765564
2018,6,18,0.00403968739479975
2018,6,15,0.00213068949977462
2018,6,14,0.00101811012857685
2018,6,13,-0.00246541766547218
2018,6,12,0.00404232552609671
2018,6,11,-0.00174031612752746
2018,6,8,-0.00106757728253048
2018,6,7,-0.0031161952191953
2018,6,6,0.000714705977901875
2018,6,5,-0.00849459844536214
2018,6,4,-0.000702124563445973
2018,6,1,-0.00445962131444153
2018,5,31,-0.0107327526310785
2018,5,30,0.00692721983387989
2018,5,29,-0.012536664696532
2018,5,25,0.0116994936539447
2018,5,24,0.00236281524107708
2018,5,23,0.00202730445493729
2018,5,22,-0.00323785620991549
2018,5,21,0.00314560056378565
2018,5,18,-0.00733257470700818
2018,5,17,0.00263917404173298
2018,5,16,0.000856576707730854
2018,5,15,-0.00404413655297056
2018,5,14,0.00688930277157989
2018,5,11,-0.000882741847457927
2018,5,10,-0.00170472042585003
2018,5,9,-0.00928363942168222
2018,5,8,-0.00958933052609725
2018,5,7,0.00026572651875806
2018,5,4,-0.00344604378458673
2018,5,3,-0.0126491503405396
2018,5,2,0.00225878702376292
2018,5,1,0.00725811653203933
2018,4,30,-0.00254256441163176
2018,4,27,0.00825513113423072
2018,4,26,-0.0011123970470914
2018,4,25,-0.0103264415397422
2018,4,24,-0.00183375009471855
2018,4,23,0.0135620369245719
2018,4,20,-5.61736740204588e-05
2018,4,19,0.00861003542885401
2018,4,18,0.00575909814973646
2018,4,17,-0.000830675172780436
2018,4,16,-0.0105491078521572
2018,4,13,-0.00804379649269559
2018,4,12,0.00289500432933012
2018,4,11,-0.00818321390095298
2018,4,10,0.00555599710845921
2018,4,9,-0.0164516893939109
2018,4,6,-0.00332547566930462
2018,4,5,0.0224114695120314
2018,4,4,-0.00681603100449148
2018,4,3,-0.0114342323674987
2018,4,2,-0.0124576870852377
2018,3,29,0.0228476923791965
2018,3,28,-0.0135826451131634
2018,3,27,0.0029251439539347
2018,3,26,0.0175800537391585
2018,3,23,-0.0264392243892347
2018,3,22,0.0214159319388314
2018,3,21,0.025812406144442
2018,3,20,0.00184739281618634
2018,3,19,-0.00147960573292012
2018,3,16,0.014408828863365
2018,3,15,-0.00170057521593319
2018,3,14,0.000782577993906844
2018,3,13,0.00575745231825652
2018,3,12,0.00640434526327972
2018,3,9,0.00127559270145388
2018,3,8,-0.0170819322679855
2018,3,7,-0.00444327612204574
2018,3,6,0.000484083907877259
2018,3,5,-0.00263184903889852
2018,3,2,-0.0109116702316112
2018,3,1,-0.00504598235020898
2018,2,28,0.0135042779730138
2018,2,27,0.0112203048827673
2018,2,26,0.0128704068098006
2018,2,23,-0.0116203770326665
2018,2,22,-0.0157754886615951
2018,2,21,-0.000972647524371703
2018,2,20,0.00552690711612439
2018,2,16,0.00587572618232407
2018,2,15,-0.000373322792454481
2018,2,14,-0.0119251611013473
2018,2,13,-0.0132252290977274
2018,2,12,-0.0026061420835618
